{"cameraMode":{"drawMode":0,"name":"Shaded","section":"Shading Mode"},"sceneLighting":false,"audioPlay":false,"sceneViewState":{"showFog":true,"showMaterialUpdate":true,"showSkybox":false,"showFlares":true,"showImageEffects":true,"showParticleSystems":true},"in2DMode":false,"pivot":{"x":0.004719793796539307,"y":9.840999603271485,"z":-0.936387836933136},"rotation":{"x":0.008587459102272988,"y":-0.9911738038063049,"z":0.08195780217647553,"w":0.10385408252477646},"size":3.0826034545898439,"orthographic":false}