{"cameraMode":{"drawMode":0,"name":"Shaded","section":"Shading Mode"},"sceneLighting":false,"audioPlay":false,"sceneViewState":{"showFog":true,"showMaterialUpdate":true,"showSkybox":false,"showFlares":true,"showImageEffects":true,"showParticleSystems":true},"in2DMode":false,"pivot":{"x":-4.360000133514404,"y":0.6000000238418579,"z":0.0},"rotation":{"x":-0.04313221946358681,"y":0.6934484243392944,"z":0.04165692627429962,"w":0.7180073857307434},"size":2.4122419357299806,"orthographic":true}