{"cameraMode":{"drawMode":0,"name":"Shaded","section":"Shading Mode"},"sceneLighting":true,"audioPlay":false,"sceneViewState":{"showFog":true,"showMaterialUpdate":true,"showSkybox":false,"showFlares":true,"showImageEffects":true,"showParticleSystems":true},"in2DMode":false,"pivot":{"x":2.322472095489502,"y":1.9949278831481934,"z":1.2853330373764039},"rotation":{"x":-0.031745653599500659,"y":0.6201668381690979,"z":0.025130391120910646,"w":0.7834281325340271},"size":11.231513977050782,"orthographic":false}